index,trialIndex,blockIndex,option_left,option_right,condition,A_outcome,B_outcome,stim_left,stim_right,rate_craving,photo,photoIndex,category,caption,image_filename,std_thr,valence_mean,valence_std,arousal_mean,arousal_std,familiar_mean,familiar_std
0,0,0,B,A,social,1,0,stimuli/filmreel_305.png,stimuli/filmreel_203.png,0,pexels-photo-6205538,50.0,social,a barista serves a customer in a coffee shop,images/social/pexels-photo-6205538.jpeg,3.42,5.85,0.8605383871678671,3.595,1.3280278215221404,5.85,1.1325332573250857
1,1,0,A,B,social,0,1,stimuli/filmreel_203.png,stimuli/filmreel_305.png,0,pexels-photo-7551755,67.0,social,A group of people playing a game of croquet in a park,images/social/pexels-photo-7551755.jpeg,3.42,5.61,1.1474915433698254,4.475,1.2021362563983204,4.715,1.5925071263163697
2,2,0,A,B,social,1,0,stimuli/filmreel_203.png,stimuli/filmreel_305.png,1,pexels-photo-6827325,56.0,social,two people looking at records in a record store,images/social/pexels-photo-6827325.jpeg,3.42,5.105,1.1573449651772167,2.8950000000000005,1.5350210010564058,5.465000000000001,1.5901919778177067
3,3,0,B,A,social,1,0,stimuli/filmreel_305.png,stimuli/filmreel_203.png,0,pexels-photo-5676744,35.0,social,a group of students in a classroom looking at a laptop,images/social/pexels-photo-5676744.jpeg,3.42,4.43,1.3650139771792582,4.025,1.3726175532057068,5.26,1.5414961973082482
4,4,0,A,B,social,1,0,stimuli/filmreel_203.png,stimuli/filmreel_305.png,0,pexels-photo-5920663,41.0,social,A man is standing behind a counter at a food truck,images/social/pexels-photo-5920663.jpeg,3.42,4.375,1.215632821988094,3.15,1.03440804327886,5.825,1.0401796403557062
5,5,0,B,A,social,1,0,stimuli/filmreel_305.png,stimuli/filmreel_203.png,1,pexels-photo-5935189,42.0,social,a group of friends toasting beer on a rooftop,images/social/pexels-photo-5935189.jpeg,3.42,5.96,1.0292562465453543,4.640000000000001,1.457972637097938,5.495,1.8508817244477664
6,6,0,A,B,social,1,0,stimuli/filmreel_203.png,stimuli/filmreel_305.png,0,pexels-photo-6146931,47.0,social,a group of friends looking at their phones in a park,images/social/pexels-photo-6146931.jpeg,3.42,5.775,1.137807217044212,3.885,1.2188324870871088,5.409999999999999,1.6842615123861446
7,7,0,A,B,social,0,1,stimuli/filmreel_203.png,stimuli/filmreel_305.png,1,pexels-photo-2608517,17.0,social,a group of people are standing in a room,images/social/pexels-photo-2608517.jpeg,3.42,4.470000000000001,1.1881431776205744,4.495,1.3048391713762637,4.11,1.807557235025972
8,8,0,B,A,social,0,1,stimuli/filmreel_305.png,stimuli/filmreel_203.png,0,pexels-photo-8415167,75.0,social,two people walking up some stairs with skateboards,images/social/pexels-photo-8415167.jpeg,3.42,5.319999999999999,0.913984912923967,4.325000000000001,1.031031675453996,4.255,1.7406819595234868
9,9,0,B,A,social,1,0,stimuli/filmreel_305.png,stimuli/filmreel_203.png,1,pexels-photo-711009,61.0,social,a group of people sitting around a table looking at a magazine,images/social/pexels-photo-711009.jpeg,3.42,4.549999999999999,0.9093085863793204,3.15,1.289430718940482,5.055,1.676297612063719
10,10,0,B,A,social,1,0,stimuli/filmreel_305.png,stimuli/filmreel_203.png,0,pexels-photo-9961871,81.0,social,a group of friends eating pizza in a restaurant,images/social/pexels-photo-9961871.jpeg,3.42,6.0,0.6828731869634976,4.32,1.2664080991861235,6.28,0.8269156387952828
11,11,0,A,B,social,1,0,stimuli/filmreel_203.png,stimuli/filmreel_305.png,0,pexels-photo-5197810,32.0,social,A man and woman are working together in a pottery studio,images/social/pexels-photo-5197810.jpeg,3.42,5.735,0.7371888281987544,3.91,1.0794247980924108,4.315,1.5263561700647514
12,12,0,A,B,social,1,0,stimuli/filmreel_203.png,stimuli/filmreel_305.png,1,pexels-photo-12169159,6.0,social,Two men are playing volleyball on the beach,images/social/pexels-photo-12169159.jpeg,3.42,5.1450000000000005,1.0148761915674869,4.65,1.210263129284398,4.915000000000001,1.5722176761036089
13,13,0,A,B,social,1,0,stimuli/filmreel_203.png,stimuli/filmreel_305.png,0,free-photo-of-a-group-of-young-people-at-the-basketball-court-outdoors-in-summer,0.0,social,a group of people playing basketball on an outdoor court,images/social/free-photo-of-a-group-of-young-people-at-the-basketball-court-outdoors-in-summer.jpeg,3.42,5.140000000000001,0.9837629153836868,4.215,1.5421362490150847,4.855,1.5719498451889216
14,14,0,B,A,social,0,1,stimuli/filmreel_305.png,stimuli/filmreel_203.png,0,pexels-photo-3771824,21.0,social,a man and a woman at a bar,images/social/pexels-photo-3771824.jpeg,3.42,4.909999999999999,1.2644532831477633,3.33,1.1079141140948274,4.955,1.889715935210759
15,15,0,B,A,social,1,0,stimuli/filmreel_305.png,stimuli/filmreel_203.png,1,pexels-photo-6463600,53.0,social,a group of friends celebrating a birthday party with confetti and balloons,images/social/pexels-photo-6463600.jpeg,3.42,5.705,1.5486751553641278,5.9750000000000005,1.20825014837683,5.01,1.818588232089589
16,0,1,A,B,social,1,0,stimuli/filmreel_202.png,stimuli/filmreel_107.png,0,pexels-photo-5805087,38.0,social,a group of people are dancing at a party,images/social/pexels-photo-5805087.jpeg,3.42,5.15,1.3613074210981302,5.090000000000002,0.7966376710571554,4.609999999999999,1.914735106043598
17,1,1,B,A,social,0,1,stimuli/filmreel_107.png,stimuli/filmreel_202.png,0,pexels-photo-6457515,52.0,social,three asian women working together on a project in a coffee shop,images/social/pexels-photo-6457515.jpeg,3.42,4.735,1.272492374085308,4.325,1.0939426522061335,4.950000000000001,1.788118682037809
18,2,1,B,A,social,1,0,stimuli/filmreel_107.png,stimuli/filmreel_202.png,1,free-photo-of-three-women-catering-food-in-a-park,3.0,social,Three women are preparing food at a picnic table in a park,images/social/free-photo-of-three-women-catering-food-in-a-park.jpeg,3.42,5.55,0.9577935169192948,3.565,1.533923418111732,5.6450000000000005,1.2032740423746502
19,3,1,B,A,social,1,0,stimuli/filmreel_107.png,stimuli/filmreel_202.png,0,pexels-photo-7502601,65.0,social,a group of friends dancing on a rooftop at sunset,images/social/pexels-photo-7502601.jpeg,3.42,6.035,0.9280851821159296,4.965,1.1757528383304483,4.69,1.809012525050469
20,4,1,A,B,social,1,0,stimuli/filmreel_202.png,stimuli/filmreel_107.png,0,pexels-photo-8111367,73.0,social,a group of people sitting around a table playing a game,images/social/pexels-photo-8111367.jpeg,3.42,5.6850000000000005,0.843722952782862,4.43,1.1521604420437832,5.64,1.0825894882179488
21,5,1,B,A,social,1,0,stimuli/filmreel_107.png,stimuli/filmreel_202.png,1,pexels-photo-4279124,26.0,social,a group of people sit around a pool at sunset,images/social/pexels-photo-4279124.jpeg,3.42,5.784999999999999,0.9258140088308064,3.06,1.4379810407944222,5.385,1.564499247279091
22,6,1,A,B,social,1,0,stimuli/filmreel_202.png,stimuli/filmreel_107.png,0,pexels-photo-8761649,77.0,social,a group of people talking at a business event,images/social/pexels-photo-8761649.jpeg,3.42,4.25,1.562218395676313,3.94,1.322437940042238,4.625000000000001,1.616648580112248
23,7,1,B,A,social,1,0,stimuli/filmreel_107.png,stimuli/filmreel_202.png,1,pexels-photo-4669907,27.0,social,Two men are sitting on a couch playing video games,images/social/pexels-photo-4669907.jpeg,3.42,6.0600000000000005,0.8934851926437753,4.860000000000001,1.301577989656361,6.065,1.0111353701864578
24,8,1,B,A,social,1,0,stimuli/filmreel_107.png,stimuli/filmreel_202.png,0,pexels-photo-9068971,79.0,social,a group of friends sitting on the floor playing a board game,images/social/pexels-photo-9068971.jpeg,3.42,5.76,1.0464979191268573,3.8600000000000008,1.0101589244428717,5.92,1.2124789743158
25,9,1,A,B,social,1,0,stimuli/filmreel_202.png,stimuli/filmreel_107.png,0,pexels-photo-5836947,40.0,social,two women playing soccer on a grassy field with palm trees in the background,images/social/pexels-photo-5836947.jpeg,3.42,5.425,1.0482441459286498,4.345,0.8217279611314581,5.065,1.3997274170727896
26,10,1,A,B,social,0,1,stimuli/filmreel_202.png,stimuli/filmreel_107.png,1,pexels-photo-3777017,22.0,social,a group of friends sitting around a campfire in the woods,images/social/pexels-photo-3777017.jpeg,3.42,6.0,0.988885603516456,3.5550000000000006,1.6155412975874452,5.49,1.3603018240933071
27,11,1,A,B,social,1,0,stimuli/filmreel_202.png,stimuli/filmreel_107.png,0,free-photo-of-city-road-man-people,1.0,social,a group of people are drawing on the sidewalk with chalk,images/social/free-photo-of-city-road-man-people.jpeg,3.42,5.374999999999999,0.9563499689746924,3.3200000000000003,1.7401149387324966,4.299999999999999,1.6920868460976943
28,12,1,B,A,social,0,1,stimuli/filmreel_107.png,stimuli/filmreel_202.png,1,pexels-photo-7886787,72.0,social,a group of friends playing video games in a dark room,images/social/pexels-photo-7886787.jpeg,3.42,5.89,1.0607346014611014,4.74,1.0679049829603655,5.83,1.4882345598940907
29,13,1,A,B,social,0,1,stimuli/filmreel_202.png,stimuli/filmreel_107.png,0,pexels-photo-6114997,46.0,social,young couple playing chess in bed at home,images/social/pexels-photo-6114997.jpeg,3.42,4.719999999999999,1.205950160443492,3.34,1.5160197193551554,5.389999999999999,1.4856860899580158
30,14,1,A,B,social,1,0,stimuli/filmreel_202.png,stimuli/filmreel_107.png,0,pexels-photo-4173325,25.0,social,a man and a woman are shopping in a grocery store,images/social/pexels-photo-4173325.jpeg,3.42,4.279999999999999,0.8581497844966105,3.0800000000000005,1.467041419427478,6.235,0.8969392398596463
31,15,1,B,A,social,1,0,stimuli/filmreel_107.png,stimuli/filmreel_202.png,1,pexels-photo-1778412,13.0,social,Two women talking on the phone while holding shopping bags,images/social/pexels-photo-1778412.jpeg,3.42,4.874999999999999,1.5022351767668702,3.385,1.3295329611321571,5.4350000000000005,1.4049817380345293
32,0,2,A,B,social,0,1,stimuli/filmreel_304.png,stimuli/filmreel_208.png,0,pexels-photo-5757068,36.0,social,A man and woman are painting together in a studio,images/social/pexels-photo-5757068.jpeg,3.42,5.2,1.22173302277845,3.1599999999999997,1.5615107394679308,5.095000000000001,1.543227990796871
33,1,2,B,A,social,1,0,stimuli/filmreel_208.png,stimuli/filmreel_304.png,0,pexels-photo-1076081,5.0,social,a group of people with backpacks walking down a path,images/social/pexels-photo-1076081.jpeg,3.42,5.675,0.9596463164268276,3.595,1.4929571502998935,5.585,1.3499610130822688
34,2,2,A,B,social,0,1,stimuli/filmreel_304.png,stimuli/filmreel_208.png,1,pexels-photo-7510721,66.0,social,a group of friends sit around a fire pit at night,images/social/pexels-photo-7510721.jpeg,3.42,6.0600000000000005,0.8475351258052284,3.365,1.6442163386917954,6.095,0.9719622041601156
35,3,2,B,A,social,1,0,stimuli/filmreel_208.png,stimuli/filmreel_304.png,0,pexels-photo-4686816,28.0,social,Two women are baking a cake in a kitchen,images/social/pexels-photo-4686816.jpeg,3.42,5.994999999999999,0.7387578479412161,4.38,1.4562388468061718,5.895,1.1527883815477926
36,4,2,A,B,social,1,0,stimuli/filmreel_304.png,stimuli/filmreel_208.png,1,pexels-photo-5936039,43.0,social,a group of people are dancing in a dance studio,images/social/pexels-photo-5936039.jpeg,3.42,4.865,1.1235634102453251,4.729999999999999,1.1420664558044265,4.2250000000000005,1.653027525481654
37,5,2,B,A,social,1,0,stimuli/filmreel_208.png,stimuli/filmreel_304.png,0,pexels-photo-1546328,11.0,social,"a group of people standing on a cobblestone street in lisbon, portugal",images/social/pexels-photo-1546328.jpeg,3.42,4.365,1.2621097625133797,4.11,1.4692998690747774,4.284999999999999,1.6483724029925304
38,6,2,A,B,social,1,0,stimuli/filmreel_304.png,stimuli/filmreel_208.png,1,pexels-photo-2121661,16.0,social,a group of people look at paintings in an art gallery,images/social/pexels-photo-2121661.jpeg,3.42,5.154999999999999,1.0600273084863627,3.55,1.6737917873404748,5.290000000000001,1.7692995938030334
39,7,2,A,B,social,1,0,stimuli/filmreel_304.png,stimuli/filmreel_208.png,0,pexels-photo-9807580,80.0,social,three asian people sitting in a living room watching a movie,images/social/pexels-photo-9807580.jpeg,3.42,5.694999999999999,0.8568454997993021,4.22,1.177687296535482,6.005,1.035412452778322
40,8,2,A,B,social,0,1,stimuli/filmreel_304.png,stimuli/filmreel_208.png,0,pexels-photo-1267697,7.0,social,a group of friends sitting at a table in a bar,images/social/pexels-photo-1267697.jpeg,3.42,5.865,0.8628441342444184,4.425,0.9424911000557038,5.795,1.190521778575746
41,9,2,B,A,social,1,0,stimuli/filmreel_208.png,stimuli/filmreel_304.png,1,pexels-photo-6174062,48.0,social,a group of women laughing at a bar,images/social/pexels-photo-6174062.jpeg,3.42,5.6850000000000005,1.470150368249166,5.045,0.8022829268636109,5.35,1.8320250515409675
42,10,2,B,A,social,1,0,stimuli/filmreel_208.png,stimuli/filmreel_304.png,0,free-photo-of-musician-park,2.0,social,a group of musicians playing in a park,images/social/free-photo-of-musician-park.jpeg,3.42,5.825,0.721748607640901,4.035,1.5708780648849998,5.44,1.62914249320245
43,11,2,A,B,social,1,0,stimuli/filmreel_304.png,stimuli/filmreel_208.png,0,pexels-photo-6896221,57.0,social,a group of people are sitting in chairs on a stage,images/social/pexels-photo-6896221.jpeg,3.42,4.16,1.2991495193718892,4.855,1.1900796081288894,4.15,1.539822272724663
44,12,2,B,A,social,0,1,stimuli/filmreel_208.png,stimuli/filmreel_304.png,1,pexels-photo-4833957,29.0,social,three friends having a picnic in a garden,images/social/pexels-photo-4833957.jpeg,3.42,6.27,0.7491047288175681,4.385,1.4629728205555326,5.284999999999999,1.6066555652233487
45,13,2,B,A,social,1,0,stimuli/filmreel_208.png,stimuli/filmreel_304.png,0,pexels-photo-3894383,24.0,social,three african women sitting on a couch with laptops,images/social/pexels-photo-3894383.jpeg,3.42,4.034999999999999,0.9263823241655228,4.48,1.1623931756238255,4.815,1.610254965100738
46,14,2,A,B,social,1,0,stimuli/filmreel_304.png,stimuli/filmreel_208.png,0,pexels-photo-8815330,78.0,social,a bride and groom walking down the aisle at a wedding,images/social/pexels-photo-8815330.jpeg,3.42,5.98,1.2254322545642071,5.67,1.15170354372624,5.359999999999999,1.7406592822382283
47,15,2,B,A,social,1,0,stimuli/filmreel_208.png,stimuli/filmreel_304.png,1,pexels-photo-5791658,37.0,social,a group of people sit around a dinner table and eat together,images/social/pexels-photo-5791658.jpeg,3.42,6.0550000000000015,0.8580731167471747,4.170000000000001,1.342856342984884,5.909999999999999,1.2814054783713078
48,0,3,B,A,social,0,1,stimuli/filmreel_306.png,stimuli/filmreel_101.png,0,pexels-photo-7646192,70.0,social,three young women sitting on a wooden bench eating donuts,images/social/pexels-photo-7646192.jpeg,3.42,6.06,0.7707822410758403,3.4,1.3034367527506092,5.459999999999999,1.6220195339209245
49,1,3,A,B,social,1,0,stimuli/filmreel_101.png,stimuli/filmreel_306.png,0,pexels-photo-3796810,23.0,social,a woman smiling at a barista while holding a cup of coffee,images/social/pexels-photo-3796810.jpeg,3.42,5.67,1.0543643632664732,3.245,1.1645984173457435,5.96,1.1226847521150267
50,2,3,B,A,social,1,0,stimuli/filmreel_306.png,stimuli/filmreel_101.png,1,pexels-photo-5055264,31.0,social,a group of people playing billiards in a room,images/social/pexels-photo-5055264.jpeg,3.42,5.130000000000001,0.9889388252060892,4.23,1.1562644024707551,5.315,1.3397859216268373
51,3,3,B,A,social,1,0,stimuli/filmreel_306.png,stimuli/filmreel_101.png,0,pexels-photo-1522344,10.0,social,two people paddling a canoe on a lake,images/social/pexels-photo-1522344.jpeg,3.42,5.465,1.2453175456379326,4.1850000000000005,1.4851103095659082,5.04,1.9263819373169624
52,4,3,B,A,social,1,0,stimuli/filmreel_306.png,stimuli/filmreel_101.png,0,pexels-photo-13096563,8.0,social,a crowd of people watching a baseball game at a stadium,images/social/pexels-photo-13096563.jpeg,3.42,4.6,1.5379412075546766,5.34,1.3370824483494692,5.41,1.529327337512528
53,5,3,A,B,social,1,0,stimuli/filmreel_101.png,stimuli/filmreel_306.png,1,pexels-photo-6954063,58.0,social,a group of asian friends enjoying a meal together,images/social/pexels-photo-6954063.jpeg,3.42,6.1000000000000005,0.7218397547786816,4.14,1.7358146881447187,5.855,1.1142498066317748
54,6,3,A,B,social,1,0,stimuli/filmreel_101.png,stimuli/filmreel_306.png,0,pexels-photo-5807585,39.0,social,a group of cyclists riding on a road,images/social/pexels-photo-5807585.jpeg,3.42,5.315000000000001,0.9172470252135778,4.114999999999999,1.1948463895986137,4.825,1.6698171976848877
55,7,3,B,A,social,1,0,stimuli/filmreel_306.png,stimuli/filmreel_101.png,0,pexels-photo-196652,15.0,social,a crowd of people at a concert,images/social/pexels-photo-196652.jpeg,3.42,6.2250000000000005,0.688916005880176,5.98,0.9644196509600448,6.07,1.365784910244886
56,8,3,A,B,social,1,0,stimuli/filmreel_101.png,stimuli/filmreel_306.png,1,pexels-photo-1036804,4.0,social,a group of people are sitting on a couch in a coffee shop,images/social/pexels-photo-1036804.jpeg,3.42,5.9,0.9142152228464644,3.015,1.5845553917341244,5.785,1.1398407090928375
57,9,3,A,B,social,0,1,stimuli/filmreel_101.png,stimuli/filmreel_306.png,0,pexels-photo-2981571,18.0,social,A young man and woman are sitting on the grass playing cards,images/social/pexels-photo-2981571.jpeg,3.42,5.775,0.7846387033130867,3.975000000000001,1.383312195991544,6.14,0.909250703659482
58,10,3,B,A,social,0,1,stimuli/filmreel_306.png,stimuli/filmreel_101.png,1,pexels-photo-6063426,45.0,social,a group of women are decorating christmas wreaths in a store,images/social/pexels-photo-6063426.jpeg,3.42,5.42,1.197189691692481,3.65,1.5588457268119895,5.45,1.421452185544584
59,11,3,B,A,social,1,0,stimuli/filmreel_306.png,stimuli/filmreel_101.png,0,pexels-photo-6180398,49.0,social,a group of people playing volleyball on the beach,images/social/pexels-photo-6180398.jpeg,3.42,5.41,0.8984782456435644,4.840000000000001,0.8248763862734699,5.390000000000001,1.5189677935673085
60,12,3,A,B,social,1,0,stimuli/filmreel_101.png,stimuli/filmreel_306.png,1,pexels-photo-6050435,44.0,social,two men looking at suits in a store,images/social/pexels-photo-6050435.jpeg,3.42,4.779999999999999,1.360185745829552,3.3600000000000003,1.2274920945184384,5.39,1.594695153180992
61,13,3,A,B,social,0,1,stimuli/filmreel_101.png,stimuli/filmreel_306.png,0,pexels-photo-7429514,64.0,social,A group of people are bowling in a bowling alley,images/social/pexels-photo-7429514.jpeg,3.42,5.949999999999999,0.8537841462694494,4.85,0.7458657985681367,5.95,1.165513214267251
62,14,3,B,A,social,1,0,stimuli/filmreel_306.png,stimuli/filmreel_101.png,0,pexels-photo-5418924,33.0,social,a woman is looking at clothes in a clothing store,images/social/pexels-photo-5418924.jpeg,3.42,4.545,1.252145527106427,3.405,1.4576386816751912,5.265000000000001,1.5908537926137916
63,15,3,A,B,social,1,0,stimuli/filmreel_101.png,stimuli/filmreel_306.png,1,pexels-photo-6963327,59.0,social,a group of asian people sitting around a table playing cards,images/social/pexels-photo-6963327.jpeg,3.42,5.534999999999999,0.939918809483592,4.57,1.2847690761173265,5.665,1.402357038402808
64,0,4,A,B,food,0,1,stimuli/filmreel_308.png,stimuli/filmreel_106.png,0,pexels-photo-9525081,159.0,food,a group of tacos are arranged on a black surface,images/food/pexels-photo-9525081.jpeg,4.04,4.37,1.5051140890486117,3.76,1.5045195071412074,4.51,1.9867720447738175
65,1,4,B,A,food,1,0,stimuli/filmreel_106.png,stimuli/filmreel_308.png,0,pexels-photo-10043311,86.0,food,Two chocolate rolls are on a cutting board next to a cup of coffee,images/food/pexels-photo-10043311.jpeg,4.04,5.43,1.3115278354491355,3.770000000000001,1.6137892642701783,4.539999999999999,1.8810411450772904
66,2,4,A,B,food,1,0,stimuli/filmreel_308.png,stimuli/filmreel_106.png,1,pexels-photo-7627443,148.0,food,A steak is topped with mashed potatoes and vegetables,images/food/pexels-photo-7627443.jpeg,4.04,4.65,1.7763060428582504,3.8250000000000006,1.2748064868627584,5.275,1.668871348830511
67,3,4,A,B,food,1,0,stimuli/filmreel_308.png,stimuli/filmreel_106.png,0,pexels-photo-14537699,102.0,food,a bowl of prawn curry on a wooden table,images/food/pexels-photo-14537699.jpeg,4.04,4.28,1.6414371110321848,4.340000000000001,1.587251845502985,4.265,1.956171072058345
68,4,4,A,B,food,1,0,stimuli/filmreel_308.png,stimuli/filmreel_106.png,0,pexels-photo-264727,120.0,food,a plate of crepes topped with fruit and whipped cream,images/food/pexels-photo-264727.jpeg,4.04,5.775,1.2272669679113488,3.985,1.4762238455279275,5.4350000000000005,1.6014056325615942
69,5,4,B,A,food,1,0,stimuli/filmreel_106.png,stimuli/filmreel_308.png,0,pexels-photo-5773996,140.0,food,A plate of fried chicken and vegetables on a wooden table,images/food/pexels-photo-5773996.jpeg,4.04,4.484999999999999,1.5732216359399187,3.475,1.3001518129980458,4.290000000000001,1.6254230218623087
70,6,4,B,A,food,1,0,stimuli/filmreel_106.png,stimuli/filmreel_308.png,1,pexels-photo-4181933,131.0,food,fried squid rings with dipping sauce on a slate plate,images/food/pexels-photo-4181933.jpeg,4.04,5.195,1.2115561980579488,3.61,1.6221817666989498,5.825,1.251472816535108
71,7,4,A,B,food,1,0,stimuli/filmreel_308.png,stimuli/filmreel_106.png,0,pexels-photo-1309595,96.0,food,"A plate of chicken, carrots, and fries on a log",images/food/pexels-photo-1309595.jpeg,4.04,4.8950000000000005,1.606721080828576,3.4650000000000007,1.4776492711130922,6.085,0.8567226413551391
72,8,4,B,A,food,1,0,stimuli/filmreel_106.png,stimuli/filmreel_308.png,1,pexels-photo-4001870,127.0,food,Two steaks are on a plate with rice and tomatoes,images/food/pexels-photo-4001870.jpeg,4.04,4.5,1.867731525844006,4.244999999999999,1.4467659032985842,5.61,1.2160765211380236
73,9,4,A,B,food,0,1,stimuli/filmreel_308.png,stimuli/filmreel_106.png,0,pexels-photo-12905676,92.0,food,A pastry with chocolate sauce and berries on a plate,images/food/pexels-photo-12905676.jpeg,4.04,5.72,1.0420627317211308,4.54,1.4012776125266615,4.94,1.49151988888763
74,10,4,B,A,food,0,1,stimuli/filmreel_106.png,stimuli/filmreel_308.png,0,pexels-photo-2725744,121.0,food,A burger and fries are on a wooden cutting board with a glass of beer next to it,images/food/pexels-photo-2725744.jpeg,4.04,5.605,1.506293813514342,4.13,1.5701491715925056,6.635000000000001,0.5668704483946556
75,11,4,B,A,food,1,0,stimuli/filmreel_106.png,stimuli/filmreel_308.png,1,pexels-photo-4061475,128.0,food,fried chicken in a basket with dipping sauce,images/food/pexels-photo-4061475.jpeg,4.04,5.040000000000001,1.6643000741579344,3.44,1.7703404370792344,6.565,0.630183766013826
76,12,4,A,B,food,1,0,stimuli/filmreel_308.png,stimuli/filmreel_106.png,0,pexels-photo-1833336,105.0,food,"A plate with a fried egg, bacon and tomatoes on it",images/food/pexels-photo-1833336.jpeg,4.04,4.529999999999999,1.3058975538121784,3.28,1.3328244642981233,5.195,1.3880979034180854
77,13,4,A,B,food,0,1,stimuli/filmreel_308.png,stimuli/filmreel_106.png,1,free-photo-of-delicious-pasta-with-roasted-meat,82.0,food,asian food in a black frying pan on a dark background,images/food/free-photo-of-delicious-pasta-with-roasted-meat.jpeg,4.04,4.635,1.4740831227008804,4.27,1.1662355093024284,4.525,1.8817335232788883
78,14,4,B,A,food,1,0,stimuli/filmreel_106.png,stimuli/filmreel_308.png,0,pexels-photo-1860208,106.0,food,A bowl of food is on a table with a knife and fork,images/food/pexels-photo-1860208.jpeg,4.04,4.99,1.487102445768457,4.125,1.188043504431152,4.165000000000001,1.7783123282601696
79,15,4,B,A,food,1,0,stimuli/filmreel_106.png,stimuli/filmreel_308.png,1,pexels-photo-4101805,129.0,food,A steak sits on a plate with fries and dipping sauce,images/food/pexels-photo-4101805.jpeg,4.04,4.885,1.9309869306434444,4.27,1.533520202190475,6.115,1.11933956091598
80,0,5,A,B,food,1,0,stimuli/filmreel_103.png,stimuli/filmreel_207.png,0,pexels-photo-4958641,137.0,food,A plate of tacos sits on a wooden table next to a glass of orange juice,images/food/pexels-photo-4958641.jpeg,4.04,5.275,1.0627050885655709,3.88,1.4777650265465787,5.015,1.7643472029709966
81,1,5,B,A,food,1,0,stimuli/filmreel_207.png,stimuli/filmreel_103.png,0,pexels-photo-806357,151.0,food,A white casserole dish filled with pasta and cheese,images/food/pexels-photo-806357.jpeg,4.04,5.245000000000001,1.0505512337515206,3.365,1.4004792412824827,5.265000000000001,1.2654414665495823
82,2,5,A,B,food,1,0,stimuli/filmreel_103.png,stimuli/filmreel_207.png,1,pexels-photo-10790638,88.0,food,a pizza sits in a cardboard box on a table,images/food/pexels-photo-10790638.jpeg,4.04,5.66,1.152297476211855,3.805,1.4485837003232174,5.964999999999999,1.0873797574178514
83,3,5,B,A,food,1,0,stimuli/filmreel_207.png,stimuli/filmreel_103.png,0,pexels-photo-2092897,109.0,food,A bowl of nachos with salsa and guacamole on a wooden table,images/food/pexels-photo-2092897.jpeg,4.04,4.9,1.4037543644774442,4.125,1.458505002427233,5.41,1.3660931616532563
84,4,5,B,A,food,0,1,stimuli/filmreel_207.png,stimuli/filmreel_103.png,1,pexels-photo-8746403,155.0,food,a plate of rice and vegetables on a table,images/food/pexels-photo-8746403.jpeg,4.04,5.25,1.0277722459152534,3.745,1.3531542099071614,4.9350000000000005,1.5218669282721211
85,5,5,A,B,food,1,0,stimuli/filmreel_103.png,stimuli/filmreel_207.png,0,pexels-photo-793785,150.0,food,"Two slices of toast are topped with avocado, eggs and pomegranate",images/food/pexels-photo-793785.jpeg,4.04,4.85,1.4325171074573226,4.14,1.5735979557421236,5.055,1.5020950281803782
86,6,5,A,B,food,1,0,stimuli/filmreel_103.png,stimuli/filmreel_207.png,0,pexels-photo-9213884,157.0,food,A bowl filled with vegetables and dipping sauce,images/food/pexels-photo-9213884.jpeg,4.04,4.9,1.5917550724047704,3.97,1.5761712437021824,4.605,1.9359412235531923
87,7,5,B,A,food,1,0,stimuli/filmreel_207.png,stimuli/filmreel_103.png,0,pexels-photo-792406,149.0,food,A pastry with blueberries and powdered sugar on a white plate,images/food/pexels-photo-792406.jpeg,4.04,5.869999999999999,1.311126474288025,4.369999999999999,1.7755947854466296,5.21,1.7405080927857337
88,8,5,B,A,food,1,0,stimuli/filmreel_207.png,stimuli/filmreel_103.png,1,pexels-photo-842142,154.0,food,salmon and vegetables on a black plate,images/food/pexels-photo-842142.jpeg,4.04,4.755,1.5339920400534577,3.945,1.3496490771970866,5.109999999999999,1.7573604608826514
89,9,5,A,B,food,0,1,stimuli/filmreel_103.png,stimuli/filmreel_207.png,0,pexels-photo-4913349,135.0,food,a pizza on a plate with ham and cheese,images/food/pexels-photo-4913349.jpeg,4.04,5.15,1.4873147828075584,4.300000000000001,1.6367490242615246,5.800000000000001,1.098803176666609
90,10,5,B,A,food,1,0,stimuli/filmreel_207.png,stimuli/filmreel_103.png,0,pexels-photo-12984979,95.0,food,A bowl of ramen sits on a wooden table,images/food/pexels-photo-12984979.jpeg,4.04,4.35,1.8457632852733736,4.075000000000001,1.498727530449186,4.46,1.9943076888721905
91,11,5,A,B,food,0,1,stimuli/filmreel_103.png,stimuli/filmreel_207.png,1,pexels-photo-2347311,114.0,food,chinese stir fried noodles in a bowl with chopsticks on a wooden table,images/food/pexels-photo-2347311.jpeg,4.04,5.334999999999999,1.1117908739364706,3.46,1.3359010363598676,5.115,1.4364704551159595
92,12,5,B,A,food,1,0,stimuli/filmreel_207.png,stimuli/filmreel_103.png,0,pexels-photo-7462777,145.0,food,A plate of meat and vegetables on a table,images/food/pexels-photo-7462777.jpeg,4.04,4.4350000000000005,1.7248264596154228,3.855,1.3574259696786029,4.755,1.729458387990146
93,13,5,A,B,food,1,0,stimuli/filmreel_103.png,stimuli/filmreel_207.png,1,pexels-photo-2059151,107.0,food,a bowl of pho with a fried egg and spring rolls,images/food/pexels-photo-2059151.jpeg,4.04,4.244999999999999,1.6320716573535743,3.8050000000000006,1.2432872386921443,4.225,1.7426160008205451
94,14,5,A,B,food,1,0,stimuli/filmreel_103.png,stimuli/filmreel_207.png,0,pexels-photo-2412950,115.0,food,A plate of tortellini with sauce and parsley on a wooden table,images/food/pexels-photo-2412950.jpeg,4.04,5.54,0.8987710908146805,3.895,1.4210726119453054,5.645000000000001,1.52711458226566
95,15,5,B,A,food,0,1,stimuli/filmreel_207.png,stimuli/filmreel_103.png,1,pexels-photo-4109532,130.0,food,"A plate of eggs, bacon, toast and tomatoes on a table",images/food/pexels-photo-4109532.jpeg,4.04,4.94,1.3204464954584192,3.625,1.5043358387638956,4.840000000000001,1.5769390736820692
96,0,6,A,B,food,1,0,stimuli/filmreel_104.png,stimuli/filmreel_205.png,0,pexels-photo-827513,153.0,food,Three slices of berry cheesecake on a blue and white plate,images/food/pexels-photo-827513.jpeg,4.04,5.615,1.0902800219740751,5.01,1.4498275759551549,4.529999999999999,1.691184573947473
97,1,6,B,A,food,1,0,stimuli/filmreel_205.png,stimuli/filmreel_104.png,0,pexels-photo-262959,119.0,food,grilled salmon on a white plate with lettuce and tomatoes,images/food/pexels-photo-262959.jpeg,4.04,4.51,1.7973372117194866,4.295,1.5541032276220468,4.85,2.0520849474568417
98,2,6,B,A,food,1,0,stimuli/filmreel_205.png,stimuli/filmreel_104.png,1,pexels-photo-16000781,103.0,food,A bowl of lasagna is sitting on top of a wooden table,images/food/pexels-photo-16000781.jpeg,4.04,4.539999999999999,0.9144454747636896,3.285,1.276621775583801,4.075000000000001,2.051924642096319
99,3,6,B,A,food,1,0,stimuli/filmreel_205.png,stimuli/filmreel_104.png,0,pexels-photo-376464,126.0,food,A stack of pancakes is topped with syrup and fruit,images/food/pexels-photo-376464.jpeg,4.04,5.694999999999999,0.977900543861292,3.935,1.4076015434998492,6.119999999999999,0.9982089223361909
100,4,6,A,B,food,1,0,stimuli/filmreel_104.png,stimuli/filmreel_205.png,1,pexels-photo-9928198,163.0,food,a bowl of hummus and bread on a table,images/food/pexels-photo-9928198.jpeg,4.04,5.115,1.3884012009274704,3.675,1.563355029213909,4.655,1.817307146070222
101,5,6,A,B,food,1,0,stimuli/filmreel_104.png,stimuli/filmreel_205.png,0,pexels-photo-3386854,125.0,food,chinese food in a bowl with chopsticks on a wooden table,images/food/pexels-photo-3386854.jpeg,4.04,5.125,1.521382681365177,3.67,1.5197298928982153,5.755000000000001,1.3331699461295845
102,6,6,B,A,food,0,1,stimuli/filmreel_205.png,stimuli/filmreel_104.png,0,pexels-photo-10480248,87.0,food,a bowl of mexican food on a wooden table,images/food/pexels-photo-10480248.jpeg,4.04,4.79,1.7579593432817435,3.6399999999999992,1.512544040246171,4.784999999999999,2.0176262759673023
103,7,6,A,B,food,1,0,stimuli/filmreel_104.png,stimuli/filmreel_205.png,1,free-photo-of-toasted-sandwiches-and-dip,84.0,food,a chicken sandwich and fries on a slate board,images/food/free-photo-of-toasted-sandwiches-and-dip.jpeg,4.04,4.055000000000001,1.7199984700115596,3.665,1.3985989229827187,4.730000000000001,2.0812698552869877
104,8,6,A,B,food,1,0,stimuli/filmreel_104.png,stimuli/filmreel_205.png,0,pexels-photo-1707917,104.0,food,eggplant stuffed with meat and cheese in a red dish on a wooden table,images/food/pexels-photo-1707917.jpeg,4.04,4.365,1.46153308117484,4.094999999999999,1.257179382586272,4.130000000000001,1.8640928370827343
105,9,6,A,B,food,1,0,stimuli/filmreel_104.png,stimuli/filmreel_205.png,0,pexels-photo-3209101,124.0,food,pasta in a bowl on a wooden table,images/food/pexels-photo-3209101.jpeg,4.04,5.390000000000001,0.8860913580082147,3.3800000000000003,1.407723058888472,5.83,1.1416055176350266
106,10,6,B,A,food,0,1,stimuli/filmreel_205.png,stimuli/filmreel_104.png,1,pexels-photo-5507640,138.0,food,A plate of pasta with tomatoes and herbs on a marble table,images/food/pexels-photo-5507640.jpeg,4.04,5.21,1.119633398648156,3.745,1.5456134874643075,5.245,1.3716969897098077
107,11,6,B,A,food,1,0,stimuli/filmreel_205.png,stimuli/filmreel_104.png,0,pexels-photo-12027631,90.0,food,A bowl of beef pho sits on a wooden tray,images/food/pexels-photo-12027631.jpeg,4.04,4.345,1.6226926939341808,3.6349999999999993,1.4492375490871778,4.21,1.9514906583106373
108,12,6,A,B,food,0,1,stimuli/filmreel_104.png,stimuli/filmreel_205.png,1,pexels-photo-139746,99.0,food,"A sandwich with bacon, cheese and tomatoes on a white plate",images/food/pexels-photo-139746.jpeg,4.04,5.33,1.3966501276079737,3.745,1.4950708485236623,5.88,1.2155137531967817
109,13,6,B,A,food,1,0,stimuli/filmreel_205.png,stimuli/filmreel_104.png,0,pexels-photo-12955612,93.0,food,a plate of sushi and chopsticks on a wooden table,images/food/pexels-photo-12955612.jpeg,4.04,4.8100000000000005,1.6347863211409233,4.085,0.9455018160799726,4.985000000000001,1.7354735437489766
110,14,6,A,B,food,1,0,stimuli/filmreel_104.png,stimuli/filmreel_205.png,0,pexels-photo-1001773,85.0,food,Two bowls of noodle soup with meat and vegetables on a wooden table,images/food/pexels-photo-1001773.jpeg,4.04,4.654999999999999,1.2705054940952896,3.31,1.3992103035942134,4.195000000000001,1.7361406079365562
111,15,6,B,A,food,0,1,stimuli/filmreel_205.png,stimuli/filmreel_104.png,1,pexels-photo-4955210,136.0,food,quesadillas with sauces and limes on a cutting board,images/food/pexels-photo-4955210.jpeg,4.04,5.665,0.946614466067586,3.905,1.711409083951461,5.695,1.4929571502998933
112,0,7,B,A,food,1,0,stimuli/filmreel_302.png,stimuli/filmreel_201.png,0,pexels-photo-1437267,100.0,food,a plate of pasta with tomato sauce and herbs,images/food/pexels-photo-1437267.jpeg,4.04,5.379999999999999,1.3528138316700842,3.635,1.5287679938261949,6.244999999999999,1.213292605832749
113,1,7,A,B,food,1,0,stimuli/filmreel_201.png,stimuli/filmreel_302.png,0,pexels-photo-12973148,94.0,food,a bowl of korean food on a wooden table,images/food/pexels-photo-12973148.jpeg,4.04,4.76,1.5527225664686697,3.8,1.6380347660342385,4.284999999999999,1.971981370681729
114,2,7,A,B,food,1,0,stimuli/filmreel_201.png,stimuli/filmreel_302.png,1,pexels-photo-9609862,160.0,food,chicken biryani in a blue bowl with raita and tomatoes,images/food/pexels-photo-9609862.jpeg,4.04,4.6850000000000005,1.6448564167060138,4.265,1.5260113126434514,4.17,1.8367878140068905
115,3,7,B,A,food,1,0,stimuli/filmreel_302.png,stimuli/filmreel_201.png,0,pexels-photo-7474117,146.0,food,a plate with a dessert on it with powdered sugar on it,images/food/pexels-photo-7474117.jpeg,4.04,5.615,1.5002719051804192,4.1,1.651155894963793,5.075,1.8090052515125543
116,4,7,B,A,food,1,0,stimuli/filmreel_302.png,stimuli/filmreel_201.png,0,pexels-photo-1228530,91.0,food,a plate of berries on a red and white checkered tablecloth,images/food/pexels-photo-1228530.jpeg,4.04,5.95,1.2028474987558306,3.785,1.6374804137036747,6.105,1.3682393604075351
117,5,7,A,B,food,1,0,stimuli/filmreel_201.png,stimuli/filmreel_302.png,0,pexels-photo-221063,111.0,food,The waffles are topped with whipped cream and raspberries,images/food/pexels-photo-221063.jpeg,4.04,5.779999999999999,1.0257731358910651,3.960000000000001,1.5648776646316982,5.915,1.4357374778360974
118,6,7,B,A,food,0,1,stimuli/filmreel_302.png,stimuli/filmreel_201.png,1,pexels-photo-2144112,110.0,food,A slice of cake is on a plate with a spoon,images/food/pexels-photo-2144112.jpeg,4.04,6.19,0.8825203143628809,3.830000000000001,1.5106986881293667,6.2,0.9542150259713342
119,7,7,A,B,food,1,0,stimuli/filmreel_201.png,stimuli/filmreel_302.png,0,pexels-photo-1146760,89.0,food,A pizza is sitting on a wooden cutting board,images/food/pexels-photo-1146760.jpeg,4.04,5.494999999999999,1.4540234559752865,4.105,1.723055731144985,5.74,1.3394421462526462
120,8,7,B,A,food,1,0,stimuli/filmreel_302.png,stimuli/filmreel_201.png,1,pexels-photo-302468,122.0,food,A dessert is served on a plate with oranges and raspberries,images/food/pexels-photo-302468.jpeg,4.04,5.445,1.174498773273541,3.745,1.5202060109700506,4.6450000000000005,1.867865373262104
121,9,7,B,A,food,0,1,stimuli/filmreel_302.png,stimuli/filmreel_201.png,0,pexels-photo-3026808,123.0,food,"Two bowls of asian noodle soup with tofu, mushrooms and carrots on a cutting board",images/food/pexels-photo-3026808.jpeg,4.04,5.395000000000001,1.4777205062990912,3.89,1.4696580339800498,4.75,1.7367543837496666
122,10,7,A,B,food,1,0,stimuli/filmreel_201.png,stimuli/filmreel_302.png,1,pexels-photo-2532006,117.0,food,Two slices of bread are topped with tomatoes and greens,images/food/pexels-photo-2532006.jpeg,4.04,4.74,1.3635866019628646,3.345,1.3585886639799174,4.48,1.7322331191116769
123,11,7,A,B,food,0,1,stimuli/filmreel_201.png,stimuli/filmreel_302.png,0,pexels-photo-2087748,108.0,food,a plate of tacos sits on a table,images/food/pexels-photo-2087748.jpeg,4.04,5.24,1.4759118501704918,3.905,1.851450356086447,5.709999999999999,1.5663904198406031
124,12,7,B,A,food,1,0,stimuli/filmreel_302.png,stimuli/filmreel_201.png,1,pexels-photo-461431,133.0,food,A small tart topped with blueberries and strawberries on a plate,images/food/pexels-photo-461431.jpeg,4.04,6.075,0.7538497686437334,4.075000000000001,1.6870637837753248,6.069999999999999,1.2703501382233997
125,13,7,B,A,food,1,0,stimuli/filmreel_302.png,stimuli/filmreel_201.png,0,pexels-photo-13689827,97.0,food,A grilled sandwich on a wooden cutting board with dipping sauces,images/food/pexels-photo-13689827.jpeg,4.04,4.655,1.5017445994926246,3.985,1.316404593060803,4.995000000000001,1.5938946012832844
126,14,7,A,B,food,0,1,stimuli/filmreel_201.png,stimuli/filmreel_302.png,0,pexels-photo-9650087,161.0,food,A plate of ribs and fries on a table,images/food/pexels-photo-9650087.jpeg,4.04,4.635,1.9347990511732875,4.34,1.5935395887936488,6.27,0.8348337369926139
127,15,7,A,B,food,1,0,stimuli/filmreel_201.png,stimuli/filmreel_302.png,1,pexels-photo-8963961,156.0,food,a plate of meat and vegetables on a white plate,images/food/pexels-photo-8963961.jpeg,4.04,5.17,1.4956427943934516,4.1850000000000005,1.468000788756421,5.034999999999999,1.409469851808791
128,0,8,B,A,nature,1,0,stimuli/filmreel_204.png,stimuli/filmreel_102.png,0,pexels-photo-248195,206.0,nature,mt fuji is surrounded by red trees,images/nature/pexels-photo-248195.jpeg,4.06,6.025,0.8919965777607233,3.5050000000000003,1.7771873105674894,4.779999999999999,1.8529066781397103
129,1,8,A,B,nature,1,0,stimuli/filmreel_102.png,stimuli/filmreel_204.png,0,free-photo-of-a-marsh-in-a-valley,164.0,nature,a lake in the middle of a grassy field at dusk,images/nature/free-photo-of-a-marsh-in-a-valley.jpeg,4.06,5.73,1.1485001661205574,2.885,1.6483724029925302,4.84,1.733387313599407
130,2,8,A,B,nature,1,0,stimuli/filmreel_102.png,stimuli/filmreel_204.png,1,pexels-photo-640805,230.0,nature,a group of trees on a hillside in autumn,images/nature/pexels-photo-640805.jpeg,4.06,4.955,1.5322755695541947,3.53,1.2724199902465174,4.98,1.7151338753946632
131,3,8,B,A,nature,1,0,stimuli/filmreel_204.png,stimuli/filmreel_102.png,0,pexels-photo-1690355,196.0,nature,a dirt road leads into a dark forest,images/nature/pexels-photo-1690355.jpeg,4.06,6.07,1.035730100994107,3.5450000000000004,1.9340372281835736,5.049999999999999,2.0108913969994293
132,4,8,A,B,nature,1,0,stimuli/filmreel_102.png,stimuli/filmreel_204.png,0,pexels-photo-2871478,213.0,nature,a lone tree in the middle of a field,images/nature/pexels-photo-2871478.jpeg,4.06,5.595,1.0826259498868578,2.6499999999999995,1.668753080028697,5.255000000000001,1.6037702289818268
133,5,8,A,B,nature,1,0,stimuli/filmreel_102.png,stimuli/filmreel_204.png,1,pexels-photo-237321,204.0,nature,There is a waterfall in the middle of a forest,images/nature/pexels-photo-237321.jpeg,4.06,6.270000000000001,0.7491047288175681,4.065,1.8230324649937129,4.365,1.8494024639553743
134,6,8,B,A,nature,0,1,stimuli/filmreel_204.png,stimuli/filmreel_102.png,0,pexels-photo-6610368,231.0,nature,uluru is a large rock in the middle of the desert,images/nature/pexels-photo-6610368.jpeg,4.06,5.050000000000001,1.063014581273465,3.6599999999999993,1.5090603559482758,4.110000000000001,1.9991840440803
135,7,8,A,B,nature,0,1,stimuli/filmreel_102.png,stimuli/filmreel_204.png,0,free-photo-of-clouds-over-hill,171.0,nature,a cloudy sky with a mountain in the foreground,images/nature/free-photo-of-clouds-over-hill.jpeg,4.06,5.490000000000001,1.1951216630425892,2.91,1.6590739331896796,4.815,1.709809161404001
136,8,8,B,A,nature,1,0,stimuli/filmreel_204.png,stimuli/filmreel_102.png,1,pexels-photo-326058,220.0,nature,the mountains are reflected in the calm water of a lake,images/nature/pexels-photo-326058.jpeg,4.06,5.624999999999999,1.4552536403990668,3.2,1.902629759044045,4.43,1.7269077932292127
137,9,8,B,A,nature,1,0,stimuli/filmreel_204.png,stimuli/filmreel_102.png,0,pexels-photo-1062175,187.0,nature,the sun shines through a tree on the shore of a lake,images/nature/pexels-photo-1062175.jpeg,4.06,6.08,0.8307257448507869,2.995,1.9457037693068124,4.755000000000001,1.6288436324421594
138,10,8,A,B,nature,1,0,stimuli/filmreel_102.png,stimuli/filmreel_204.png,0,free-photo-of-landscape-of-coniferous-trees-river-and-mountains,176.0,nature,a lake surrounded by trees and mountains,images/nature/free-photo-of-landscape-of-coniferous-trees-river-and-mountains.jpeg,4.06,5.915,1.0006708276267269,3.175,1.6970175075857736,5.245,1.6950314389259475
139,11,8,B,A,nature,1,0,stimuli/filmreel_204.png,stimuli/filmreel_102.png,1,free-photo-of-sunlit-forest-in-mountains,182.0,nature,a sunny day in the mountains with trees and clouds,images/nature/free-photo-of-sunlit-forest-in-mountains.jpeg,4.06,5.875,0.9557994724726246,3.635,1.6825028349080675,5.065,1.787758078535354
140,12,8,A,B,nature,1,0,stimuli/filmreel_102.png,stimuli/filmreel_204.png,0,pexels-photo-1462011,189.0,nature,a lone tree in the middle of a lake at sunset,images/nature/pexels-photo-1462011.jpeg,4.06,5.65,1.0590462442067492,3.315,2.018147926350192,4.57,1.906526187930068
141,13,8,A,B,nature,1,0,stimuli/filmreel_102.png,stimuli/filmreel_204.png,1,free-photo-of-landscape-of-a-poppy-field-and-mountains-in-the-background,175.0,nature,a field of red and yellow flowers with mountains in the background,images/nature/free-photo-of-landscape-of-a-poppy-field-and-mountains-in-the-background.jpeg,4.06,5.445,0.97736218573529,3.125,1.540292180074936,4.635,1.6429354345516023
142,14,8,B,A,nature,0,1,stimuli/filmreel_204.png,stimuli/filmreel_102.png,0,pexels-photo-301375,216.0,nature,the sun is setting over the ocean and rocky cliffs,images/nature/pexels-photo-301375.jpeg,4.06,6.335,0.6960603422117942,3.385,1.661728649708838,4.879999999999999,1.830616807181897
143,15,8,B,A,nature,0,1,stimuli/filmreel_204.png,stimuli/filmreel_102.png,1,pexels-photo-373447,221.0,nature,the sun is setting behind a palm tree in front of a body of water,images/nature/pexels-photo-373447.jpeg,4.06,6.07,1.1684898035723852,3.245,1.8094706989963436,4.54,1.871784962907978
144,0,9,B,A,nature,1,0,stimuli/filmreel_105.png,stimuli/filmreel_301.png,0,pexels-photo-2387661,205.0,nature,a lake surrounded by trees and flowers,images/nature/pexels-photo-2387661.jpeg,4.06,6.115,0.9201115493014392,2.995,1.7957479016598596,5.38,1.5122656408253985
145,1,9,A,B,nature,1,0,stimuli/filmreel_301.png,stimuli/filmreel_105.png,0,pexels-photo-301395,217.0,nature,"a view of the kloof gorge in the kloof mountains, south africa",images/nature/pexels-photo-301395.jpeg,4.06,5.975,0.8181333053134788,3.71,1.6998142313360691,4.225,1.5474512151140325
146,2,9,A,B,nature,1,0,stimuli/filmreel_301.png,stimuli/filmreel_105.png,1,pexels-photo-1045113,186.0,nature,a group of palm trees on a sandy beach,images/nature/pexels-photo-1045113.jpeg,4.06,5.19,1.0542645228833825,2.965,1.4886500419401538,4.815,1.5908537926137911
147,3,9,A,B,nature,1,0,stimuli/filmreel_301.png,stimuli/filmreel_105.png,0,pexels-photo-1576667,191.0,nature,rocks on the shore of a river with mountains in the background,images/nature/pexels-photo-1576667.jpeg,4.06,4.890000000000001,1.5071408972655895,3.46,1.6375205904691783,4.1450000000000005,1.683816154485181
148,4,9,B,A,nature,1,0,stimuli/filmreel_105.png,stimuli/filmreel_301.png,1,monument-valley-utah-usa-red-86428,184.0,nature,The sky is blue and the rocks are red,images/nature/monument-valley-utah-usa-red-86428.jpeg,4.06,5.365,1.2621097625133797,3.965,1.55809431509676,4.655,1.9613301072164488
149,5,9,A,B,nature,1,0,stimuli/filmreel_301.png,stimuli/filmreel_105.png,0,free-photo-of-autumn-forest-by-lake,168.0,nature,the trees are reflected in the pond,images/nature/free-photo-of-autumn-forest-by-lake.jpeg,4.06,5.5,1.0602879450016347,3.3950000000000005,1.3624571456321886,5.640000000000001,1.268401397532799
150,6,9,B,A,nature,0,1,stimuli/filmreel_105.png,stimuli/filmreel_301.png,0,pexels-photo-267104,211.0,nature,the matterhorn in switzerland,images/nature/pexels-photo-267104.jpeg,4.06,5.9350000000000005,1.3811798922431655,3.775,1.8174229875814476,4.045,1.9776314914031567
151,7,9,A,B,nature,0,1,stimuli/filmreel_301.png,stimuli/filmreel_105.png,1,pexels-photo-589841,227.0,nature,autumn leaves on a dirt road in the woods,images/nature/pexels-photo-589841.jpeg,4.06,6.28,0.7251860015486408,3.09,1.7672160681645432,5.595000000000001,1.4438526678009047
152,8,9,B,A,nature,1,0,stimuli/filmreel_105.png,stimuli/filmreel_301.png,0,pexels-photo-259881,209.0,nature,the mountains are reflected in the water of a lake,images/nature/pexels-photo-259881.jpeg,4.06,6.065,1.093653943150401,4.005000000000001,1.7584308196140164,4.455,1.5739574661543931
153,9,9,B,A,nature,1,0,stimuli/filmreel_105.png,stimuli/filmreel_301.png,0,free-photo-of-autumnal-trees-around-a-pond-in-a-park,169.0,nature,a lake surrounded by trees in autumn,images/nature/free-photo-of-autumnal-trees-around-a-pond-in-a-park.jpeg,4.06,5.69,0.9999473670359382,3.01,1.407087323815443,4.6850000000000005,1.866963478908719
154,10,9,A,B,nature,1,0,stimuli/filmreel_301.png,stimuli/filmreel_105.png,1,free-photo-of-seascape-with-setting-sun-orange-sky-and-purple-clouds,181.0,nature,the sun is setting over a body of water,images/nature/free-photo-of-seascape-with-setting-sun-orange-sky-and-purple-clouds.jpeg,4.06,5.95,0.8840695376317528,3.305,1.6769254447853132,5.365,1.8319604109719243
155,11,9,B,A,nature,1,0,stimuli/filmreel_105.png,stimuli/filmreel_301.png,0,pexels-photo-709552,234.0,nature,a green river is surrounded by trees and rocks,images/nature/pexels-photo-709552.jpeg,4.06,6.154999999999999,1.0625069659214377,3.5849999999999995,1.853950263342404,5.115,1.6200308639035246
156,12,9,B,A,nature,1,0,stimuli/filmreel_105.png,stimuli/filmreel_301.png,1,pexels-photo-2645414,210.0,nature,a dirt road is surrounded by tall redwood trees,images/nature/pexels-photo-2645414.jpeg,4.06,6.01,1.138743536581114,3.76,1.8935902963751996,4.775,1.9210400143781767
157,13,9,B,A,nature,1,0,stimuli/filmreel_105.png,stimuli/filmreel_301.png,0,pexels-photo-1126382,188.0,nature,a small island in the middle of a lake at sunset,images/nature/pexels-photo-1126382.jpeg,4.06,6.295000000000001,0.8732727312574776,3.215,1.945379140424817,4.725,1.6402422799215075
158,14,9,A,B,nature,0,1,stimuli/filmreel_301.png,stimuli/filmreel_105.png,0,pexels-photo-3948134,222.0,nature,"the sun is setting over a rocky beach in maui, hawaii",images/nature/pexels-photo-3948134.jpeg,4.06,6.029999999999999,0.9119672200941852,3.475,1.722261365335214,4.4350000000000005,1.726046593260235
159,15,9,A,B,nature,0,1,stimuli/filmreel_301.png,stimuli/filmreel_105.png,1,pexels-photo-2067659,198.0,nature,a log lies on the shore of a lake surrounded by mountains,images/nature/pexels-photo-2067659.jpeg,4.06,5.96,1.0525157831045626,3.51,1.680507442160818,5.055,1.6965832537314829
160,0,10,B,A,nature,1,0,stimuli/filmreel_303.png,stimuli/filmreel_108.png,0,pexels-photo-1679551,194.0,nature,an aerial view of a green hilly landscape,images/nature/pexels-photo-1679551.jpeg,4.06,5.555,1.1353065897067538,3.265000000000001,1.3959622223813186,4.775,1.733835116303253
161,1,10,A,B,nature,1,0,stimuli/filmreel_108.png,stimuli/filmreel_303.png,0,pexels-photo-2548535,208.0,nature,a tropical beach with palm trees and blue water,images/nature/pexels-photo-2548535.jpeg,4.06,6.21,0.8428647890566902,3.3200000000000003,2.0962623379419103,4.59,1.7516608659993762
162,2,10,B,A,nature,0,1,stimuli/filmreel_303.png,stimuli/filmreel_108.png,0,turret-arch-snow-winter-sandstone-99570,245.0,nature,"a snowy arch in arches national park, utah",images/nature/turret-arch-snow-winter-sandstone-99570.jpeg,4.06,5.220000000000001,1.51469990079675,3.935,1.3592858031837316,4.034999999999999,2.120644142459401
163,3,10,B,A,nature,1,0,stimuli/filmreel_303.png,stimuli/filmreel_108.png,1,jackson-lake-grand-teton-national-park-wyoming-water-69384,183.0,nature,the grand teton mountains are reflected in a lake,images/nature/jackson-lake-grand-teton-national-park-wyoming-water-69384.jpeg,4.06,5.71,1.1054410884348382,3.555,1.7694706315136948,4.549999999999999,1.6243217207904286
164,4,10,B,A,nature,0,1,stimuli/filmreel_303.png,stimuli/filmreel_108.png,0,pexels-photo-1480799,190.0,nature,a green field with snow capped mountains in the background,images/nature/pexels-photo-1480799.jpeg,4.06,6.19,0.8403633299447266,3.895000000000001,1.5769641053218948,4.39,2.14105237281994
165,5,10,A,B,nature,1,0,stimuli/filmreel_108.png,stimuli/filmreel_303.png,1,pexels-photo-2539453,207.0,nature,the sun rises over a mountain range in a forest,images/nature/pexels-photo-2539453.jpeg,4.06,6.1,0.949237921481726,3.635,1.9142883795290613,5.105,1.9222998835002991
166,6,10,A,B,nature,0,1,stimuli/filmreel_108.png,stimuli/filmreel_303.png,0,pexels-photo-1021808,185.0,nature,a mountain covered in snow on a cloudy day,images/nature/pexels-photo-1021808.jpeg,4.06,5.105,1.4347106805353145,3.875,1.761242085634603,4.124999999999999,1.8475802097822296
167,7,10,B,A,nature,0,1,stimuli/filmreel_303.png,stimuli/filmreel_108.png,0,pexels-photo-975771,242.0,nature,a misty trail in a tropical forest,images/nature/pexels-photo-975771.jpeg,4.06,5.465000000000001,1.3600599831973357,4.325,1.585418755906132,4.03,2.053264409870805
168,8,10,A,B,nature,1,0,stimuli/filmreel_108.png,stimuli/filmreel_303.png,1,free-photo-of-landscape-of-a-grass-field-and-trees-in-summer,174.0,nature,a green field with trees in the background,images/nature/free-photo-of-landscape-of-a-grass-field-and-trees-in-summer.jpeg,4.06,5.1850000000000005,1.1165147841197154,2.55,1.5732969071013698,5.37,1.723552023858685
169,9,10,B,A,nature,1,0,stimuli/filmreel_303.png,stimuli/filmreel_108.png,0,free-photo-of-forest-with-mountains-in-snow-behind,172.0,nature,a view of a snowy mountain range with trees in the foreground,images/nature/free-photo-of-forest-with-mountains-in-snow-behind.jpeg,4.06,5.465000000000001,1.272492374085308,3.1450000000000005,2.003805589897698,4.415,1.7460557053873709
170,10,10,B,A,nature,1,0,stimuli/filmreel_303.png,stimuli/filmreel_108.png,1,pexels-photo-629161,228.0,nature,a foggy lake with mountains in the background,images/nature/pexels-photo-629161.jpeg,4.06,5.775,1.2793398791235226,4.034999999999999,1.7997879992113692,4.39,2.008901244592754
171,11,10,A,B,nature,1,0,stimuli/filmreel_108.png,stimuli/filmreel_303.png,0,pexels-photo-210349,199.0,nature,a lake surrounded by trees and mountains on a sunny day,images/nature/pexels-photo-210349.jpeg,4.06,5.9,0.9113321654531203,3.2900000000000005,1.8455921885172224,4.715,1.6037045928264444
172,12,10,A,B,nature,1,0,stimuli/filmreel_108.png,stimuli/filmreel_303.png,0,pexels-photo-9031183,237.0,nature,the grand teton mountains are reflected in a body of water,images/nature/pexels-photo-9031183.jpeg,4.06,5.909999999999999,0.907802436192972,3.37,1.6761798672482675,4.575,1.728666964364221
173,13,10,B,A,nature,1,0,stimuli/filmreel_303.png,stimuli/filmreel_108.png,1,pexels-photo-414122,224.0,nature,a mountainous landscape with green grass and rocks under a cloudy sky,images/nature/pexels-photo-414122.jpeg,4.06,5.529999999999999,1.2209142389813332,3.885,1.5775647455226014,4.209999999999999,1.7241015967133355
174,14,10,A,B,nature,1,0,stimuli/filmreel_108.png,stimuli/filmreel_303.png,0,pexels-photo-2888333,215.0,nature,a field of green rice under a blue sky,images/nature/pexels-photo-2888333.jpeg,4.06,5.66,0.8863882955715942,2.66,1.618121067619381,5.300000000000001,1.7507892956877298
175,15,10,A,B,nature,1,0,stimuli/filmreel_108.png,stimuli/filmreel_303.png,1,free-photo-of-aerial-view-of-mountain-landscape,167.0,nature,a view of the mountains from an airplane,images/nature/free-photo-of-aerial-view-of-mountain-landscape.jpeg,4.06,5.295,1.145919534237622,3.59,1.5854270552026106,4.48,1.9424889080493453
176,0,11,A,B,nature,1,0,stimuli/filmreel_206.png,stimuli/filmreel_307.png,0,pexels-photo-2835436,212.0,nature,a mountain range with snow covered peaks at sunset,images/nature/pexels-photo-2835436.jpeg,4.06,5.33,1.5376331778007668,3.724999999999999,1.63703036656399,4.209999999999999,2.0789420386340742
177,1,11,A,B,nature,0,1,stimuli/filmreel_206.png,stimuli/filmreel_307.png,0,free-photo-of-low-angle-shot-of-snow-covered-mountains,178.0,nature,yosemite national park yosemite national park yosemite national park yo,images/nature/free-photo-of-low-angle-shot-of-snow-covered-mountains.jpeg,4.06,5.095,1.156890114419734,3.65,1.5905973720586868,4.17,1.8166191849581173
178,2,11,B,A,nature,1,0,stimuli/filmreel_307.png,stimuli/filmreel_206.png,1,pexels-photo-218673,200.0,nature,a lone tree stands in a field of autumn leaves,images/nature/pexels-photo-218673.jpeg,4.06,5.9350000000000005,1.016844965671034,3.205,1.6426791338670208,5.89,1.155718049753622
179,3,11,B,A,nature,1,0,stimuli/filmreel_307.png,stimuli/filmreel_206.png,0,free-photo-of-landscape-of-rocky-snowcapped-mountain-peaks,177.0,nature,a skier is standing on top of a snowy mountain,images/nature/free-photo-of-landscape-of-rocky-snowcapped-mountain-peaks.jpeg,4.06,5.28,1.4770525415591405,4.095000000000001,1.3971681886474587,4.09,1.867421526569386
180,4,11,B,A,nature,1,0,stimuli/filmreel_307.png,stimuli/filmreel_206.png,1,pexels-photo-4450074,225.0,nature,a black and white photo of a rocky beach with trees in the background,images/nature/pexels-photo-4450074.jpeg,4.06,5.975,0.962931379748974,3.945,1.652581712288223,4.85,2.1573619367912724
181,5,11,A,B,nature,1,0,stimuli/filmreel_206.png,stimuli/filmreel_307.png,0,pexels-photo-414083,223.0,nature,purple hyacinths and yellow daffodils line a path in a wooded area,images/nature/pexels-photo-414083.jpeg,4.06,5.915,1.4879427691314362,3.425,2.005485897285375,4.6,1.712185430193944
182,6,11,A,B,nature,1,0,stimuli/filmreel_206.png,stimuli/filmreel_307.png,0,pexels-photo-959912,240.0,nature,the mountains are covered in clouds and mist,images/nature/pexels-photo-959912.jpeg,4.06,5.545,1.2210758845335836,3.975,1.769589604518814,4.44,2.001683501981585
183,7,11,B,A,nature,1,0,stimuli/filmreel_307.png,stimuli/filmreel_206.png,0,poppy-field-of-poppies-flower-flowers-80453,244.0,nature,a field of red and white tulips under a blue sky,images/nature/poppy-field-of-poppies-flower-flowers-80453.jpeg,4.06,6.02,0.928269470857636,3.3950000000000005,1.9895714957854884,4.389999999999999,1.6748605597890356
184,8,11,A,B,nature,1,0,stimuli/filmreel_206.png,stimuli/filmreel_307.png,1,pexels-photo-189848,197.0,nature,a field of sunflowers under a blue sky,images/nature/pexels-photo-189848.jpeg,4.06,5.62,1.035475990216958,3.0200000000000005,1.803096751352196,5.17,1.8192248204574444
185,9,11,A,B,nature,1,0,stimuli/filmreel_206.png,stimuli/filmreel_307.png,0,pexels-photo-672451,232.0,nature,a view of a volcano and green hills in the philippines,images/nature/pexels-photo-672451.jpeg,4.06,5.745,1.1104645779795808,3.405,1.7379585725787596,4.1,1.7856150348357789
186,10,11,B,A,nature,1,0,stimuli/filmreel_307.png,stimuli/filmreel_206.png,1,pexels-photo-219890,202.0,nature,the sun rises over a foggy landscape,images/nature/pexels-photo-219890.jpeg,4.06,4.975,1.5950169113111063,3.6,1.4782635617151418,4.5,1.9202521764217928
187,11,11,B,A,nature,0,1,stimuli/filmreel_307.png,stimuli/filmreel_206.png,0,pexels-photo-2878019,214.0,nature,a mountain is reflected in a lake at sunset,images/nature/pexels-photo-2878019.jpeg,4.06,5.975,0.900803734684228,2.55,1.6478055582788695,5.0600000000000005,1.6089879133365663
188,12,11,B,A,nature,0,1,stimuli/filmreel_307.png,stimuli/filmreel_206.png,0,pexels-photo-1659689,192.0,nature,the sun shines through the trees in a park,images/nature/pexels-photo-1659689.jpeg,4.06,6.1,0.7455128930368746,3.2299999999999995,1.6013481162675665,5.635,1.6387655816433744
189,13,11,A,B,nature,1,0,stimuli/filmreel_206.png,stimuli/filmreel_307.png,1,pexels-photo-673020,233.0,nature,the moon rises over the mountains,images/nature/pexels-photo-673020.jpeg,4.06,5.39,1.272750854190287,3.655,1.73795857257876,4.19,1.8415954181661416
190,14,11,A,B,nature,0,1,stimuli/filmreel_206.png,stimuli/filmreel_307.png,0,pexels-photo-2314983,203.0,nature,a view of a mountain range with tents in the foreground,images/nature/pexels-photo-2314983.jpeg,4.06,5.655,1.2445565686747948,3.8,1.2916737407842505,4.355,1.942725974121496
191,15,11,B,A,nature,1,0,stimuli/filmreel_307.png,stimuli/filmreel_206.png,1,pexels-photo-1684166,195.0,nature,"patagonia, argentina, patagonia, patagonia, patagonia, patagonia, patagonia, pa",images/nature/pexels-photo-1684166.jpeg,4.06,5.78,0.9955691310686778,3.255,1.553425755852969,4.445,1.855142213303052
